Person 1,Person 2,Anniversary
Laura Dalton,Chelsea Smith,1981-04-02
Michele Martinez,Michael Frost,1991-08-19
Lori Alexander,Christopher Mclaughlin,1982-02-26
Craig Mckinney,George Houston,1979-10-22
Jennifer Buck,Jocelyn Kelly,2018-01-28
Edwin Cervantes,John Mcintyre,1974-11-28
Angela Ward,Christopher Mclaughlin,1995-06-21
Carol Sims,Donald Schneider,1994-11-09
Courtney Rodriguez,Emily Myers,2015-03-02
Tracy Costa,Gary Johnson,2021-10-11
Rebecca Welch,Kathryn Soto,1996-11-25
Melissa Rivera,Tracy Costa,2002-08-03
Jocelyn Kelly,David Martin,1992-01-28
Paul Patel,Lynn Matthews,1985-04-09
Melissa Rivera,Lisa Harrison,1980-08-22
Michael Frost,Jeremy Roach,1999-07-02
Lisa Simpson MD,Christopher Gates,1991-10-11
Donald Schneider,Tina Brooks,1989-11-20
Christine Bush,Jessica Martin,2008-02-09
Christine Bush,David Winters,1974-10-24
Brooke Werner,Dr. Melissa Romero,1986-07-24
Brittany Thompson,David Winters,2014-03-10
Vincent Holder,Cody Salas,1978-04-26
Daniel Keller,Jocelyn Kelly,1979-08-14
Nicole Barnes,Jonathan Silva,2022-11-18
Christine Murray,Lisa Harrison,1982-06-22
Linda Stewart,Maria Nichols,1994-10-11
Logan Mcgee,Heather Moore,2007-04-22
Heather Lamb,Paul Patel,2019-11-18
Miguel Walker,Samantha Thompson,1999-08-09
Brittany Mays,Douglas West,1994-12-22
Brooke Werner,Tyler Schultz,2009-03-10
William Howell,George Houston,1999-11-11
Daniel Keller,Brandy Hansen,1974-10-19
Tina Brooks,Anthony Massey,2023-08-17
Lisa Burns,Zachary Allen,2016-12-06
Charles Thompson,Christine Bush,1991-04-21
Anthony Massey,Denise Henderson,2011-06-07
Robert Alvarado DVM,Paul Solomon,1983-07-18
Christine Murray,William Howell,2008-06-25
Alexander Juarez,William Mitchell,2022-05-18
Brittany Thompson,Thomas Williams,1991-12-13
Heather Powell,Lynn Matthews,2020-07-25
Marc King,Eddie Pearson,2008-01-22
Terri Roberts,Michele Martinez,1996-05-30
Steven Lee,David Martin,2002-02-06
Michael Frost,Jessica Martin,1987-10-17
Kathryn Soto,Paul Patel,2013-02-23
Christine Bush,Keith Evans,1980-11-27
Benjamin Hernandez,Vincent Holder,1976-06-26
Brandy Hansen,Christine Murray,1993-06-06
Patrick Woodward,Gary Johnson,2006-05-27
Lynn Matthews,Danny Leblanc,1977-08-13
Marc King,Brandy Hansen,2010-12-11
Mr. Ryan Duran,John Allen,1994-07-17
Sergio Mendoza,Courtney Rodriguez,1990-09-24
Heather Powell,Mary Smith,1980-03-29
Carrie West,Jeremy Roach,2000-04-16
Alexander Juarez,Laura Dalton,2016-08-25
Brooke Werner,Victoria Moore,1987-04-09
Jon Glover,Keith Evans,1979-07-09
Shaun Jordan,Logan Mcgee,2012-08-16
Jason Harvey,Leah Kane,2004-05-13
Timothy Carter,Linda Stewart,1996-07-27
Mary Smith,Daniel Keller,2004-12-03
Danielle Thomas,Justin James,1996-02-03
Scott Young,Robert Brady,1989-07-24
Jason Harvey,Cynthia Chavez,2023-03-07
Cody Cole,Nicole Chavez,1979-11-14
Douglas West,John Mcintyre,1998-12-30
Brittany Thompson,John Allen,1982-05-26
Craig Lee,Mr. Robert Lopez,2012-12-19
Glenn Morris,Kelly Meyer,1992-04-13
Benjamin Hernandez,Elizabeth Zavala,1975-07-07
Alex Thompson,Sheila Fox,2000-10-31
Alex Thompson,Edwin Cervantes,1995-06-02
Rebecca Adams,Jesse Crosby,2021-12-26
Hailey Mclean,Lauren Clark,2023-11-15
Tyler Schultz,Juan Lopez,2020-10-27
Paul Solomon,Elizabeth Strong,1992-01-30
Jessica Moore,Gregory Webb,2002-02-12
Scott Young,Tyler Schultz,1990-03-23
Nicole Sweeney,Alexander Juarez,1974-10-17
Thomas Elliott,Megan Farmer,1995-08-06
Carrie West,Gina Pearson,1979-03-06
Terri Roberts,Dr. Melissa Romero,2014-09-22
Terri Roberts,Douglas West,2020-12-07
Brittany Thompson,Kelly Meyer,2022-06-08
Lisa Burns,William Howell,2012-09-27
Ricardo Martinez,Glenn Morris,1997-08-05
Miguel Walker,Michael Frost,1987-10-09
Douglas Cunningham,Earl Johnson,1993-11-15
Jordan Henderson,Jocelyn Kelly,2012-04-07
Matthew Reed,Julie Owens,1991-04-10
Hailey Mclean,Matthew Taylor,1976-12-17
Steven Lee,William Howell,1997-09-19
Jonathan Lewis,Maria Nichols,2016-11-19
Juan Huerta,Alex Thompson,1984-12-06
Elizabeth Zavala,Leah Crosby,1992-04-16
Sheila Fox,Leah Kane,1986-09-15
Zachary Ramirez,Jacqueline Jackson,1982-05-06
Timothy Carter,Jocelyn Kelly,1988-11-21
Linda Stewart,Robert Alvarado DVM,1991-07-11
Christine Bush,Heather Moore,2023-10-17
Jordan Henderson,Danielle Thomas,1997-05-31
Margaret Harding,Christine Bush,1989-12-31
Paul Solomon,Alan Gonzalez,1982-08-14
Anthony Massey,James Thomas,1999-10-29
Nicole Chavez,Juan Lopez,1985-06-18
Andrea Ortiz,Mary Lee,2023-10-05
Patrick Woodward,Scott Young,2009-03-18
Sheryl Franco,Megan Farmer,2002-09-21
Elizabeth Strong,Lauren Harvey,2016-07-17
Charles Sanchez,Tyler Schultz,2009-03-29
Daniel Keller,Alexander Juarez,2006-01-08
Lauren Harvey,Lisa Harrison,1977-01-31
Sheryl Franco,Danny Leblanc,2012-05-25
Vincent Holder,Christopher Powell,1982-05-22
Wyatt Patrick,Robert Williams,1986-06-29
Cody Cole,Alicia Phillips,1984-01-02
Danielle Thomas,Patricia Walters,2020-07-27
Tracy Costa,Alexander Juarez,2019-06-30
Jennifer Christian,Christopher Powell,2011-03-09
Gabriel Carroll,Dr. Melissa Romero,2001-02-21
Wyatt Patrick,Thomas Elliott,2007-03-23
Brittany Thompson,Angela Ward,1979-08-10
Reginald Gibson,Craig Lee,2006-04-24
Kayla Reeves,Hailey Mclean,2003-03-30
William Mitchell,Robert Roberts,1980-02-21
Jacqueline Jackson,John Allen,2023-05-08
Lisa Harrison,Vanessa Dominguez MD,1989-09-16
Heather Moore,David Michael,1998-09-28
Danielle Thomas,Dr. Melissa Romero,1994-08-31
Vanessa Perry,Thomas Williams,1983-07-31
Kayla Foster,Andrea Ortiz,1975-04-10
Brian Tyler,Paul Patel,1998-12-30
Jason Coleman,Elizabeth Strong,2001-12-14
Rebecca Adams,Nicholas West,1977-07-06
Robert Alvarado DVM,Nicole Chavez,2023-09-27
Daniel Norton,Mary Smith,2020-08-02
Sarah Rodriguez,Alan Gonzalez,1987-10-24
Edwin Cervantes,Gabriella Perez,2003-12-21
Brittany Thompson,Elizabeth Strong,1992-05-04
Lisa Harrison,Alex Thompson,1994-11-12
Benjamin Hernandez,Carrie West,1984-10-03
Sheila Fox,Matthew Reed,2003-03-05
Kathryn Soto,Earl Johnson,2006-04-16
Paul Solomon,Jocelyn Kelly,2001-06-02
Jonathan Lewis,Craig Lee,2005-03-18
Andrea Burke,Matthew Reed,2023-04-17
Gregory Webb,Robert Roberts,2001-12-25
John Price,Anthony Ingram,1996-04-02
Nicole Sweeney,Marcus Chandler,1979-12-30
Christopher Gates,Brittany Mays,2002-08-30
Jason Coleman,Brandy Hansen,2013-10-11
Mike Wallace,Nicole Sweeney,2006-03-15
Heather Moore,Kathryn Soto,2020-12-10
Daniel Pham,Tina Brooks,1981-05-06
Lauren Clark,Brandon Moore,2014-02-16
William Mitchell,Christine Bush,1999-01-18
Melissa Rivera,William Howell,2019-09-05
Paul Patel,Monique Clements,2001-01-12
Jacqueline Jackson,Juan Lopez,2008-06-04
Alicia Phillips,William Mitchell,2021-05-01
Heather Lamb,Gabriella Perez,2001-09-25
Nicholas West,Brandon Murphy,2020-09-01
Douglas Cunningham,Jordan Henderson,2014-01-28
Cody Cole,Leah Crosby,1994-09-29
Mary Smith,Karl Singh,1980-05-31
David Winters,Christine Murray,1985-04-30
Cody Salas,Marcus Chandler,2011-01-21
Christina Moore,Lauren Clark,1985-01-16
Heather Moore,Monique Clements,2022-03-09
Nicole Barnes,Daniel Pham,2015-06-29
Jason Harvey,Elizabeth Martinez,1995-12-13
Reginald Gibson,Anna King,1995-07-07
Robert Brady,Andrea Burke,2012-07-10
Andrea Ortiz,Christopher Wiley,2003-03-30
Lisa Burns,Lisa Harrison,1978-04-05
Denise Henderson,Brittany Mays,1983-04-19
Paul Patel,Matthew Taylor,2009-05-04
Steven Lee,Gina Pearson,1990-10-23
Lori Alexander,Jesse Crosby,2015-03-16
Sheila Fox,Carrie West,2006-06-22
Michele Martinez,Mary Smith,2016-08-27
Charles Thompson,Cody Salas,1999-03-11
Kelly Smith,Matthew Reed,2015-05-21
Douglas Cunningham,Christine Bush,1995-03-02
John Allen,Zachary Allen,2014-11-17
Douglas Cunningham,Mr. Robert Lopez,2020-06-21
Lori Alexander,Brittany Thompson,1989-06-01
John Price,Anthony Allison,1979-01-25
Lauren Harvey,Robert Brady,1976-08-12
Jeremy Roach,Heather Lamb,2015-05-31
Sheila Fox,Daniel Norton,2010-08-03
Edwin Cervantes,Cody Salas,2010-01-03
William Howell,Linda Stewart,1979-04-02
Carrie West,Robert Alvarado DVM,2005-08-29
Sheryl Franco,Megan Farmer,1990-04-14
Sandra Dorsey,Julie Owens,2006-09-03
Brooke Werner,Rebecca Welch,2011-10-23
Katherine Johnson,Mary Lee,1979-02-08
Linda Stewart,Elizabeth Martinez,2002-05-14
Christopher Scott,Douglas West,2010-10-09
Lynn Matthews,Shaun Jordan,1999-10-07
Daniel Keller,Jeremy Roach,2001-01-09
Anthony Massey,Alex Thompson,2013-10-09
Miguel Walker,Monique Clements,2000-02-27
Victoria Moore,Michael Frost,2013-10-27
Christine Murray,Benjamin Hernandez,1992-05-29
Julie Owens,Nicole Sweeney,1985-01-14
Tracy Costa,Nicholas West,1994-11-02
Anna King,Heather Powell,1975-01-03
